cohort,att,std_error,conf_low,conf_high,simultaneous_conf_low,simultaneous_conf_high
3,1.7704236291943,0.0939763581504483,1.58623335182118,1.95461390656742,1.58623335182118,1.95461390656742
5,1.87519526282354,0.13098484583855,1.61846968245945,2.13192084318763,1.61846968245945,2.13192084318763
