"term","estimate","std_error","statistic","p_value","conf_low","conf_high"
"x",1.25343253526995,0.0100357080189306,124.897270118418,0,1.23376290899349,1.27310216154642
"did",1.99912266320113,0.0242373250662684,82.4811590278726,0,1.95161837898965,2.0466269474126
