term,estimate,std_error,statistic,p_value,conf_low,conf_high
x,1.25343253526995,0.0100357080189307,124.897270118417,0,1.23364375982684,1.27322131071306
did,1.99912266320113,0.0242373250662684,82.4811590278726,0,1.95133062080877,2.04691470559349
